-- MySQL dump 10.13  Distrib 8.0.21, for Win64 (x86_64)
--
-- Host: 127.0.0.1    Database: tradedb
-- ------------------------------------------------------
-- Server version	8.0.21

/*!40101 SET @OLD_CHARACTER_SET_CLIENT=@@CHARACTER_SET_CLIENT */;
/*!40101 SET @OLD_CHARACTER_SET_RESULTS=@@CHARACTER_SET_RESULTS */;
/*!40101 SET @OLD_COLLATION_CONNECTION=@@COLLATION_CONNECTION */;
/*!50503 SET NAMES utf8 */;
/*!40103 SET @OLD_TIME_ZONE=@@TIME_ZONE */;
/*!40103 SET TIME_ZONE='+00:00' */;
/*!40014 SET @OLD_UNIQUE_CHECKS=@@UNIQUE_CHECKS, UNIQUE_CHECKS=0 */;
/*!40014 SET @OLD_FOREIGN_KEY_CHECKS=@@FOREIGN_KEY_CHECKS, FOREIGN_KEY_CHECKS=0 */;
/*!40101 SET @OLD_SQL_MODE=@@SQL_MODE, SQL_MODE='NO_AUTO_VALUE_ON_ZERO' */;
/*!40111 SET @OLD_SQL_NOTES=@@SQL_NOTES, SQL_NOTES=0 */;

--
-- Table structure for table `n010920`
--

DROP TABLE IF EXISTS `n010920`;
/*!40101 SET @saved_cs_client     = @@character_set_client */;
/*!50503 SET character_set_client = utf8mb4 */;
CREATE TABLE `n010920` (
  `SYMBOL` varchar(255) DEFAULT NULL,
  `SECURITY` varchar(255) DEFAULT NULL,
  `PREV_CL_PR` float DEFAULT NULL,
  `OPEN_PRICE` float DEFAULT NULL,
  `HIGH_PRICE` float DEFAULT NULL,
  `LOW_PRICE` float DEFAULT NULL,
  `CLOSE_PRICE` float DEFAULT NULL,
  `NET_TRDVAL` float DEFAULT NULL,
  `NET_TRDQTY` double DEFAULT NULL,
  `HI_52_WK` float DEFAULT NULL,
  `LO_52_WK` float DEFAULT NULL
) ENGINE=InnoDB DEFAULT CHARSET=utf8mb4 COLLATE=utf8mb4_0900_ai_ci;
/*!40101 SET character_set_client = @saved_cs_client */;

--
-- Dumping data for table `n010920`
--

LOCK TABLES `n010920` WRITE;
/*!40000 ALTER TABLE `n010920` DISABLE KEYS */;
INSERT INTO `n010920` VALUES ('ASIANPAINT','ASIAN PAINTS LIMITED',1899.1,1925,1988,1907.75,1979.3,6014420000,3068584,2016.85,1431.2),('AXISBANK','AXIS BANK LIMITED',496.75,495.05,503.4,479.65,485.7,16277900000,33276900,765.85,286),('BAJAJ-AUTO','BAJAJ AUTO LIMITED',2967,2947,3004,2930,2958.4,2238040000,755670,3315.15,1788.65),('BAJAJFINSV','BAJAJ FINSERV LTD.',6190.35,6250,6396.75,6146.55,6359.6,5079320000,807355,9950,3985.3),('BAJFINANCE','BAJAJ FINANCE LIMITED',3487.8,3517,3674,3500.2,3643.85,21795100000,6065233,4923.4,1783),('BHARTIARTL','BHARTI AIRTEL LIMITED',513.1,517.5,555.45,514.2,546.25,40105800000,74337280,612,325.5),('BPCL','BHARAT PETROLEUM CORP  LT',407.8,407.95,411.75,400.5,407.25,2443530000,6020207,549,252),('BRITANNIA','BRITANNIA INDUSTRIES LTD',3726.05,3735,3787.75,3718.3,3771,1455230000,387446,4010,2100),('CIPLA','CIPLA LTD',713.55,713.55,741,710,736.55,4539660000,6260042,814.5,355.3),('COALINDIA','COAL INDIA LTD',134.35,135.1,135.4,130.7,133.45,1403160000,10567434,217.55,119.2),('DRREDDY','DR. REDDY\'S LABORATORIES',4264.7,4271.1,4375.9,4232,4351.95,3491050000,812641,4758.6,2495.05),('EICHERMOT','EICHER MOTORS LTD',2092,2110,2174,2106,2131.1,4827480000,2255678,23450,2072.75),('GAIL','GAIL (INDIA) LTD',95.65,96.7,97.2,94,96.4,1898230000,19814943,148.75,65),('GRASIM','GRASIM INDUSTRIES LTD',674.85,676.95,704.8,651.05,684.55,3202320000,4727724,836.9,385.05),('HCLTECH','HCL TECHNOLOGIES LTD',694.4,695,704,682.4,689.6,4432510000,6377322,1170,375.25),('HDFC','HDFC LTD',1832.6,1858,1884,1831.85,1851.2,7043060000,3793458,2499.9,1473.45),('HDFCBANK','HDFC BANK LTD',1115.85,1128,1143.6,1108,1127.3,16287200000,14438949,2288.8,738.75),('HDFCLIFE','HDFC LIFE INS CO LTD',574.8,581.5,586,570.75,579.3,1973980000,3407303,647.6,340),('HEROMOTOCO','HERO MOTOCORP LIMITED',3006.05,3030.05,3074.3,2975.5,2995.6,4087420000,1357860,3181.35,1475),('HINDALCO','HINDALCO  INDUSTRIES  LTD',185.25,185.2,195.45,185,194.05,4676620000,24334798,221.2,84.9),('HINDUNILVR','HINDUSTAN UNILEVER LTD.',2117.35,2149.95,2174.9,2111.75,2161.65,3720320000,1738013,2614.3,1757.3),('ICICIBANK','ICICI BANK LTD.',394.6,394.7,399.65,385.3,390.95,13663100000,34872816,552.2,268.3),('INDUSINDBK','INDUSIND BANK LIMITED',630.2,638.1,662.5,588.7,627.45,29843700000,47295465,1596.55,235.55),('INFRATEL','BHARTI INFRATEL LTD.',198.55,205.7,208.8,178.7,188.8,6445590000,33234915,296.5,120.05),('INFY','INFOSYS LIMITED',928.6,926.25,935,912.1,914.15,6367510000,6907783,986.45,509.25),('IOC','INDIAN OIL CORP LTD',85.8,85.8,86.6,83.5,84.65,2352480000,27777356,156,71.15),('ITC','ITC LTD',191.1,191.1,192.35,188.25,190.2,7560050000,39779316,266.3,134.6),('JSWSTEEL','JSW STEEL LIMITED',269.8,269.8,288.5,269.05,286.8,3844450000,13679100,296.75,132.5),('KOTAKBANK','KOTAK MAHINDRA BANK LTD',1401.35,1419.85,1442,1386.1,1430.65,6032760000,4258229,1740,1001),('LT','LARSEN & TOUBRO LTD.',944.95,964.95,966,943.3,955.2,4875780000,5100024,1551,661),('M&M','MAHINDRA & MAHINDRA LTD',606.9,610,621.55,605,607.55,3417110000,5572232,648.6,245.4),('MARUTI','MARUTI SUZUKI INDIA LTD.',6839.95,6860.45,7018.7,6802,6905.65,7741510000,1117127,7758.7,4001.1),('NESTLEIND','NESTLE INDIA LIMITED',15949.5,15995,16255,15739.9,16196.9,2833320000,176947,18369.9,12200),('NTPC','NTPC LTD',96.4,97.5,101.15,96.5,99.8,4396430000,44304572,129.65,73.2),('ONGC','OIL AND NATURAL GAS CORP.',81.95,82.75,82.8,78,79.35,3011840000,38005572,149.65,50),('POWERGRID','POWER GRID CORP. LTD.',178.95,179.05,182.3,178.6,180.4,1676810000,9284259,211,122.15),('RELIANCE','RELIANCE INDUSTRIES LTD',2080.7,2100,2122.4,2062.4,2087.25,37279500000,17821488,2198.8,875.65),('SBIN','STATE BANK OF INDIA',212,213.1,218.9,211.2,218.1,16179200000,75048317,351,149.45),('SHREECEM','SHREE CEMENT LIMITED',20283,20449,20599.9,19975,20466.6,1517460000,74780,25355,15410),('SUNPHARMA','SUN PHARMACEUTICAL IND L',520.25,521.2,527.65,506.2,521.45,7168480000,13861215,564.75,312),('TATAMOTORS','TATA MOTORS LIMITED',143.2,143.4,145.15,140.4,143.8,8394650000,58811608,201.7,63.5),('TATASTEEL','TATA STEEL LIMITED',413,413.9,432.7,411.95,428.65,5935760000,14072848,506,250.85),('TCS','TATA CONSULTANCY SERV LT',2257.25,2269,2278,2241.3,2246.35,8154400000,3610908,2358,1506.05),('TECHM','TECH MAHINDRA LIMITED',741,739,752.6,722.7,727.85,2625680000,3563913,845.9,471.4),('TITAN','TITAN COMPANY LIMITED',1100.5,1105,1129.65,1095.65,1120.05,2274640000,2043957,1389.95,720.9),('ULTRACEMCO','ULTRATECH CEMENT LIMITED',3903.85,3925,3968.3,3851.5,3912.65,2064870000,528815,4754.1,2910),('UPL','UPL LIMITED',505.95,505,510,491.25,505.05,1993590000,3980644,617.75,240.15),('WIPRO','WIPRO LTD',271.3,271,279.4,269,271.6,3371730000,12293054,290.8,159.4),('ZEEL','ZEE ENTERTAINMENT ENT LTD',203.55,205,207.1,196.25,201.8,7131170000,35361139,369.95,114);
/*!40000 ALTER TABLE `n010920` ENABLE KEYS */;
UNLOCK TABLES;

--
-- Table structure for table `n020920`
--

DROP TABLE IF EXISTS `n020920`;
/*!40101 SET @saved_cs_client     = @@character_set_client */;
/*!50503 SET character_set_client = utf8mb4 */;
CREATE TABLE `n020920` (
  `SYMBOL` varchar(255) DEFAULT NULL,
  `SECURITY` varchar(255) DEFAULT NULL,
  `PREV_CL_PR` float DEFAULT NULL,
  `OPEN_PRICE` float DEFAULT NULL,
  `HIGH_PRICE` float DEFAULT NULL,
  `LOW_PRICE` float DEFAULT NULL,
  `CLOSE_PRICE` float DEFAULT NULL,
  `NET_TRDVAL` float DEFAULT NULL,
  `NET_TRDQTY` double DEFAULT NULL,
  `HI_52_WK` float DEFAULT NULL,
  `LO_52_WK` float DEFAULT NULL
) ENGINE=InnoDB DEFAULT CHARSET=utf8mb4 COLLATE=utf8mb4_0900_ai_ci;
/*!40101 SET character_set_client = @saved_cs_client */;

--
-- Dumping data for table `n020920`
--

LOCK TABLES `n020920` WRITE;
/*!40000 ALTER TABLE `n020920` DISABLE KEYS */;
INSERT INTO `n020920` VALUES ('ASIANPAINT','ASIAN PAINTS LIMITED',1979.3,1977.95,1997,1925,1943.95,5016690000,2569603,2016.85,1431.2),('AXISBANK','AXIS BANK LIMITED',485.7,487,487.95,472.1,484.4,9955160000,20750735,765.85,286),('BAJAJ-AUTO','BAJAJ AUTO LIMITED',2958.4,2950,2969.7,2847.05,2880.55,5629750000,1946354,3315.15,1788.65),('BAJAJFINSV','BAJAJ FINSERV LTD.',6359.6,6367,6415,6255,6365.05,2812030000,443995,9950,3985.3),('BAJFINANCE','BAJAJ FINANCE LIMITED',3643.85,3642.7,3680,3573.45,3668.65,15539600000,4281052,4923.4,1783),('BHARTIARTL','BHARTI AIRTEL LIMITED',546.25,550,559,545.1,550.55,19331800000,35023081,612,325.5),('BPCL','BHARAT PETROLEUM CORP  LT',407.25,408.75,415.5,406.4,413.95,2123620000,5153815,549,252),('BRITANNIA','BRITANNIA INDUSTRIES LTD',3771,3787.9,3813.6,3752,3799.2,1158520000,305952,4010,2100),('CIPLA','CIPLA LTD',736.55,739.95,748.5,729.2,738.25,4125370000,5583378,814.5,355.3),('COALINDIA','COAL INDIA LTD',133.45,135.5,137.5,134.75,136.3,2286200000,16749485,217.55,119.2),('DRREDDY','DR. REDDY\'S LABORATORIES',4351.95,4351.25,4397.4,4316.7,4352.75,2633310000,603697,4758.6,2495.05),('EICHERMOT','EICHER MOTORS LTD',2131.1,2131.1,2187.65,2101.4,2169.85,4224780000,1972535,23450,2072.75),('GAIL','GAIL (INDIA) LTD',96.4,96.35,97.8,95.45,97.3,901175000,9290853,148.75,65),('GRASIM','GRASIM INDUSTRIES LTD',684.55,681,685.95,662.65,678.45,2642150000,3930979,836.9,385.05),('HCLTECH','HCL TECHNOLOGIES LTD',689.6,689.9,704.8,689.1,701.95,2855550000,4090511,1170,375.25),('HDFC','HDFC LTD',1851.2,1849.85,1849.95,1810,1827.2,7740280000,4235148,2499.9,1473.45),('HDFCBANK','HDFC BANK LTD',1127.3,1124.1,1139,1120.7,1134.15,11173500000,9880855,2288.8,738.75),('HDFCLIFE','HDFC LIFE INS CO LTD',579.3,581.4,590,576.8,580.85,1460140000,2502182,647.6,340),('HEROMOTOCO','HERO MOTOCORP LIMITED',2995.6,3034.95,3039.8,2876.15,2943.55,8249960000,2809547,3181.35,1475),('HINDALCO','HINDALCO  INDUSTRIES  LTD',194.05,194,196.9,192.55,196.2,2180040000,11184434,221.2,84.9),('HINDUNILVR','HINDUSTAN UNILEVER LTD.',2161.65,2171,2185,2136.55,2141.65,3594330000,1667810,2614.3,1757.3),('ICICIBANK','ICICI BANK LTD.',390.95,387.25,394,381.1,392.4,12136400000,31297334,552.2,268.3),('INDUSINDBK','INDUSIND BANK LIMITED',627.45,632,651.1,614.1,640.55,12459500000,19769514,1596.55,235.55),('INFRATEL','BHARTI INFRATEL LTD.',188.8,192.55,198.45,191.8,196.05,3002340000,15354232,296.5,120.05),('INFY','INFOSYS LIMITED',914.15,915,926.4,913.5,924,5229490000,5678696,986.45,509.25),('IOC','INDIAN OIL CORP LTD',84.65,85.4,85.65,84.55,85.3,1064520000,12523696,156,71.15),('ITC','ITC LTD',190.2,191.3,193,189.65,191.35,3932550000,20585664,266.3,134.6),('JSWSTEEL','JSW STEEL LIMITED',286.8,288.5,294,285.05,293,3382750000,11710724,296.75,132.5),('KOTAKBANK','KOTAK MAHINDRA BANK LTD',1430.65,1425,1437.5,1407.15,1423.5,4729410000,3325250,1740,1001),('LT','LARSEN & TOUBRO LTD.',955.2,956.45,959.8,948,955.55,2009040000,2107726,1551,661),('M&M','MAHINDRA & MAHINDRA LTD',607.55,608,645.9,602.05,642.75,4941610000,7887162,648.6,245.4),('MARUTI','MARUTI SUZUKI INDIA LTD.',6905.65,6905.5,6980,6852.4,6920.75,5367900000,776393,7758.7,4001.1),('NESTLEIND','NESTLE INDIA LIMITED',16196.9,16191,16260,15970,15992.5,1706390000,106192,18369.9,12200),('NTPC','NTPC LTD',99.8,99.8,100.5,98.3,98.95,2073500000,20904848,129.65,73.2),('ONGC','OIL AND NATURAL GAS CORP.',79.35,81.15,81.75,79.5,80.3,2504370000,31155170,149.65,50),('POWERGRID','POWER GRID CORP. LTD.',180.4,177.95,183.1,175.25,181.2,3127960000,17414804,211,122.15),('RELIANCE','RELIANCE INDUSTRIES LTD',2087.25,2092,2138,2085,2128.2,26358100000,12437209,2198.8,875.65),('SBIN','STATE BANK OF INDIA',218.1,218.25,219,212.3,216.25,10220000000,47608719,351,149.45),('SHREECEM','SHREE CEMENT LIMITED',20466.6,20599,20748.4,20450,20563.6,1021840000,49617,25355,15410),('SUNPHARMA','SUN PHARMACEUTICAL IND L',521.45,523.5,525.6,509.2,514.5,4969580000,9636649,564.75,312),('TATAMOTORS','TATA MOTORS LIMITED',143.8,144.3,151.65,141.45,150.3,10958000000,74951550,201.7,63.5),('TATASTEEL','TATA STEEL LIMITED',428.65,430.05,441.7,427.1,438.65,5088800000,11739341,506,250.85),('TCS','TATA CONSULTANCY SERV LT',2246.35,2247,2268.75,2241.65,2265.15,4704640000,2084152,2358,1506.05),('TECHM','TECH MAHINDRA LIMITED',727.85,730.15,745.75,728.15,735.2,2554280000,3467486,845.9,471.4),('TITAN','TITAN COMPANY LIMITED',1120.05,1116.95,1124.65,1102.6,1121.3,2134150000,1919880,1389.95,720.9),('ULTRACEMCO','ULTRATECH CEMENT LIMITED',3912.65,3897.2,4045.95,3896.15,3941.7,3009400000,759445,4754.1,2910),('UPL','UPL LIMITED',505.05,505,506,492.7,500.85,2069380000,4153159,617.75,240.15),('WIPRO','WIPRO LTD',271.6,272.9,276.5,271.2,273.7,2306720000,8432055,290.8,159.4),('ZEEL','ZEE ENTERTAINMENT ENT LTD',201.8,203.8,221,202.2,218.15,13823800000,64987080,369.95,114);
/*!40000 ALTER TABLE `n020920` ENABLE KEYS */;
UNLOCK TABLES;

--
-- Table structure for table `n030920`
--

DROP TABLE IF EXISTS `n030920`;
/*!40101 SET @saved_cs_client     = @@character_set_client */;
/*!50503 SET character_set_client = utf8mb4 */;
CREATE TABLE `n030920` (
  `SYMBOL` varchar(255) DEFAULT NULL,
  `SECURITY` varchar(255) DEFAULT NULL,
  `PREV_CL_PR` float DEFAULT NULL,
  `OPEN_PRICE` float DEFAULT NULL,
  `HIGH_PRICE` float DEFAULT NULL,
  `LOW_PRICE` float DEFAULT NULL,
  `CLOSE_PRICE` float DEFAULT NULL,
  `NET_TRDVAL` float DEFAULT NULL,
  `NET_TRDQTY` double DEFAULT NULL,
  `HI_52_WK` float DEFAULT NULL,
  `LO_52_WK` float DEFAULT NULL
) ENGINE=InnoDB DEFAULT CHARSET=utf8mb4 COLLATE=utf8mb4_0900_ai_ci;
/*!40101 SET character_set_client = @saved_cs_client */;

--
-- Dumping data for table `n030920`
--

LOCK TABLES `n030920` WRITE;
/*!40000 ALTER TABLE `n030920` DISABLE KEYS */;
INSERT INTO `n030920` VALUES ('ASIANPAINT','ASIAN PAINTS LIMITED',1943.95,1950.2,1987.85,1945,1978,3808110000,1931667,2016.85,1431.2),('AXISBANK','AXIS BANK LIMITED',484.4,488.4,489.95,473.1,474.95,6728110000,14046055,765.85,286),('BAJAJ-AUTO','BAJAJ AUTO LIMITED',2880.55,2909.05,2923.7,2886.05,2896.4,2281820000,785731,3315.15,1788.65),('BAJAJFINSV','BAJAJ FINSERV LTD.',6365.05,6390,6455,6300,6355.55,2516300000,394268,9950,3985.3),('BAJFINANCE','BAJAJ FINANCE LIMITED',3668.65,3668,3676.75,3605,3619.7,11709300000,3221369,4923.4,1783),('BHARTIARTL','BHARTI AIRTEL LIMITED',550.55,550.55,552.9,535.65,538,13350000000,24622381,612,325.5),('BPCL','BHARAT PETROLEUM CORP  LT',413.95,416,418.6,410.3,413.4,1819110000,4397372,549,252),('BRITANNIA','BRITANNIA INDUSTRIES LTD',3799.2,3798,3808.75,3740,3746.85,1556140000,414160,4010,2100),('CIPLA','CIPLA LTD',738.25,742.7,745.95,735,738.6,2632650000,3560610,814.5,355.3),('COALINDIA','COAL INDIA LTD',136.3,137.5,138.05,133.85,135.7,2356950000,17375928,217.55,119.2),('DRREDDY','DR. REDDY\'S LABORATORIES',4352.75,4374.55,4466,4340.15,4433.15,4150620000,938400,4758.6,2495.05),('EICHERMOT','EICHER MOTORS LTD',2169.85,2175,2260,2162.5,2231.15,5751220000,2577069,23450,2072.75),('GAIL','GAIL (INDIA) LTD',97.3,96.6,98.45,96.55,98.1,889925000,9104977,148.75,65),('GRASIM','GRASIM INDUSTRIES LTD',678.45,685,729.35,681.6,724.75,5289790000,7498392,836.9,385.05),('HCLTECH','HCL TECHNOLOGIES LTD',701.95,704.8,716.4,697.6,706.75,3873910000,5468161,1170,375.25),('HDFC','HDFC LTD',1827.2,1831,1842.8,1803.45,1808.75,6093600000,3350617,2499.9,1473.45),('HDFCBANK','HDFC BANK LTD',1134.15,1137.25,1145.95,1128,1130.9,11288500000,9916701,2288.8,738.75),('HDFCLIFE','HDFC LIFE INS CO LTD',580.85,583.7,589,579.25,582.2,1108350000,1896035,647.6,340),('HEROMOTOCO','HERO MOTOCORP LIMITED',2943.55,2975,3006.15,2930.95,2941.4,4493600000,1512725,3181.35,1475),('HINDALCO','HINDALCO  INDUSTRIES  LTD',196.2,196.15,196.15,191.55,192,2177650000,11311035,221.2,84.9),('HINDUNILVR','HINDUSTAN UNILEVER LTD.',2141.65,2153,2154.45,2128.05,2139.15,3403200000,1590711,2614.3,1757.3),('ICICIBANK','ICICI BANK LTD.',392.4,392.4,392.55,381.05,382.75,10055900000,26135711,552.2,268.3),('INDUSINDBK','INDUSIND BANK LIMITED',640.55,644,648.25,625,631.85,9521110000,14985742,1596.55,235.55),('INFRATEL','BHARTI INFRATEL LTD.',196.05,197.85,221.4,197.15,218.5,10542100000,49549273,296.5,120.05),('INFY','INFOSYS LIMITED',924,926.5,949.4,924,935.55,8275050000,8828016,986.45,509.25),('IOC','INDIAN OIL CORP LTD',85.3,85.7,86.55,84.45,85.1,1193780000,14027426,156,71.15),('ITC','ITC LTD',191.35,191.4,193.25,190,191.6,3003370000,15692484,266.3,134.6),('JSWSTEEL','JSW STEEL LIMITED',293,293,295.85,290.85,293.4,1886000000,6425365,296.75,132.5),('KOTAKBANK','KOTAK MAHINDRA BANK LTD',1423.5,1433.8,1437,1390,1396.7,3388840000,2395159,1740,1001),('LT','LARSEN & TOUBRO LTD.',955.55,960,971,953.3,961.15,3150260000,3279009,1551,661),('M&M','MAHINDRA & MAHINDRA LTD',642.75,640.5,656,632,644.65,5927930000,9194835,656,245.4),('MARUTI','MARUTI SUZUKI INDIA LTD.',6920.75,6925,7116.9,6920.75,7072.6,6680820000,947751,7758.7,4001.1),('NESTLEIND','NESTLE INDIA LIMITED',15992.5,16050,16439.6,15921.2,16393.8,2168570000,133887,18369.9,12200),('NTPC','NTPC LTD',98.95,99,99.7,96.9,97.7,1860490000,19004482,129.65,73.2),('ONGC','OIL AND NATURAL GAS CORP.',80.3,80.5,81.3,78.8,79.05,1590570000,19976183,149.65,50),('POWERGRID','POWER GRID CORP. LTD.',181.2,180.4,181.45,177.65,178.5,1196860000,6685042,211,122.15),('RELIANCE','RELIANCE INDUSTRIES LTD',2128.2,2128,2138.75,2103,2112.1,18123600000,8577741,2198.8,875.65),('SBIN','STATE BANK OF INDIA',216.25,217.5,218.25,212.3,213.15,8280310000,38595597,351,149.45),('SHREECEM','SHREE CEMENT LIMITED',20563.6,20540,20849,20250.7,20429,1026090000,50370,25355,15410),('SUNPHARMA','SUN PHARMACEUTICAL IND L',514.5,518.55,526.85,512.55,523.45,5227000000,10052115,564.75,312),('TATAMOTORS','TATA MOTORS LIMITED',150.3,151.6,155.2,149.55,151.85,16787100000,110156875,201.7,63.5),('TATASTEEL','TATA STEEL LIMITED',438.65,442.5,443.65,435.9,438.1,4485220000,10214289,506,250.85),('TCS','TATA CONSULTANCY SERV LT',2265.15,2268,2324,2268,2299.5,10710500000,4654146,2358,1506.05),('TECHM','TECH MAHINDRA LIMITED',735.2,739.95,762,733.1,759.55,3465350000,4606252,845.9,471.4),('TITAN','TITAN COMPANY LIMITED',1121.3,1121.3,1191.6,1121.3,1185.3,6958530000,5945368,1389.95,720.9),('ULTRACEMCO','ULTRATECH CEMENT LIMITED',3941.7,3967.7,3980,3928.65,3949,1122610000,284022,4754.1,2910),('UPL','UPL LIMITED',500.85,505.8,526.75,504.25,521.85,4456330000,8589275,617.75,240.15),('WIPRO','WIPRO LTD',273.7,275.5,287.85,274.5,282.85,7033440000,24895166,290.8,159.4),('ZEEL','ZEE ENTERTAINMENT ENT LTD',218.15,218.15,225.35,214.8,220.25,11722900000,53032998,369.95,114);
/*!40000 ALTER TABLE `n030920` ENABLE KEYS */;
UNLOCK TABLES;

--
-- Table structure for table `n040920`
--

DROP TABLE IF EXISTS `n040920`;
/*!40101 SET @saved_cs_client     = @@character_set_client */;
/*!50503 SET character_set_client = utf8mb4 */;
CREATE TABLE `n040920` (
  `SYMBOL` varchar(255) DEFAULT NULL,
  `SECURITY` varchar(255) DEFAULT NULL,
  `PREV_CL_PR` float DEFAULT NULL,
  `OPEN_PRICE` float DEFAULT NULL,
  `HIGH_PRICE` float DEFAULT NULL,
  `LOW_PRICE` float DEFAULT NULL,
  `CLOSE_PRICE` float DEFAULT NULL,
  `NET_TRDVAL` float DEFAULT NULL,
  `NET_TRDQTY` double DEFAULT NULL,
  `HI_52_WK` float DEFAULT NULL,
  `LO_52_WK` float DEFAULT NULL
) ENGINE=InnoDB DEFAULT CHARSET=utf8mb4 COLLATE=utf8mb4_0900_ai_ci;
/*!40101 SET character_set_client = @saved_cs_client */;

--
-- Dumping data for table `n040920`
--

LOCK TABLES `n040920` WRITE;
/*!40000 ALTER TABLE `n040920` DISABLE KEYS */;
INSERT INTO `n040920` VALUES ('ASIANPAINT','ASIAN PAINTS LIMITED',1978,1958,1993.7,1951,1956.35,3798990000,1930422,2016.85,1431.2),('AXISBANK','AXIS BANK LIMITED',474.95,469,472.95,452.6,455.2,13592100000,29405504,765.85,286),('BAJAJ-AUTO','BAJAJ AUTO LIMITED',2896.4,2880,2926.1,2840,2883.2,4326120000,1499418,3315.15,1788.65),('BAJAJFINSV','BAJAJ FINSERV LTD.',6355.55,6250,6422.95,6201,6277.2,3433960000,544380,9950,3985.3),('BAJFINANCE','BAJAJ FINANCE LIMITED',3619.7,3541.5,3649.8,3520.75,3596.8,17695300000,4914709,4923.4,1783),('BHARTIARTL','BHARTI AIRTEL LIMITED',538,531.5,538,519.5,523.15,14862000000,28083439,612,325.5),('BPCL','BHARAT PETROLEUM CORP  LT',413.4,409,411,400.6,403.35,1979530000,4866500,549,252),('BRITANNIA','BRITANNIA INDUSTRIES LTD',3746.85,3730,3809,3698.55,3705.85,2853880000,759852,4010,2100),('CIPLA','CIPLA LTD',738.6,733.75,750,717.1,724.6,5517480000,7473320,814.5,355.3),('COALINDIA','COAL INDIA LTD',135.7,134.1,136.45,131.35,132.45,1332580000,9952601,217.55,119.2),('DRREDDY','DR. REDDY\'S LABORATORIES',4433.15,4400,4483.45,4291.95,4322.5,5964420000,1354800,4758.6,2495.05),('EICHERMOT','EICHER MOTORS LTD',2231.15,2167,2226,2165,2180.85,3336760000,1516060,23450,2072.75),('GAIL','GAIL (INDIA) LTD',98.1,96.95,99.1,96.15,98.05,1347670000,13774665,148.75,65),('GRASIM','GRASIM INDUSTRIES LTD',724.75,705,724,698.7,706.5,2573910000,3605878,836.9,385.05),('HCLTECH','HCL TECHNOLOGIES LTD',706.75,695.15,704.5,692.05,700.8,2344480000,3354844,1170,375.25),('HDFC','HDFC LTD',1808.75,1783.6,1789,1761.8,1769.7,7476350000,4214148,2499.9,1473.45),('HDFCBANK','HDFC BANK LTD',1130.9,1110,1125.4,1104.4,1119.3,13185900000,11830686,2288.8,738.75),('HDFCLIFE','HDFC LIFE INS CO LTD',582.2,570,581,569.05,574.65,1507370000,2618812,647.6,340),('HEROMOTOCO','HERO MOTOCORP LIMITED',2941.4,2918.85,2976.5,2867.6,2915.2,4425760000,1508210,3181.35,1475),('HINDALCO','HINDALCO  INDUSTRIES  LTD',192,188.05,194,184.85,188.3,3192090000,16805286,221.2,84.9),('HINDUNILVR','HINDUSTAN UNILEVER LTD.',2139.15,2115,2140.9,2114,2124.65,3382800000,1590491,2614.3,1757.3),('ICICIBANK','ICICI BANK LTD.',382.75,375,379.95,368.35,372.55,12390600000,33119184,552.2,268.3),('INDUSINDBK','INDUSIND BANK LIMITED',631.85,611.05,642,603.55,616.15,13496400000,21613034,1596.55,235.55),('INFRATEL','BHARTI INFRATEL LTD.',218.5,214,230.8,207.5,214.85,15325000000,69139082,296.5,120.05),('INFY','INFOSYS LIMITED',935.55,915,929.5,914.45,919.15,7974080000,8650414,986.45,509.25),('IOC','INDIAN OIL CORP LTD',85.1,84,84.85,82.75,83.9,1068960000,12703543,156,71.15),('ITC','ITC LTD',191.6,190,190,185.7,186.7,7764150000,41389121,266.3,134.6),('JSWSTEEL','JSW STEEL LIMITED',293.4,286.05,291.25,280.55,282.35,2415890000,8443061,296.75,132.5),('KOTAKBANK','KOTAK MAHINDRA BANK LTD',1396.7,1380,1394.7,1354,1380.05,5641970000,4101756,1740,1001),('LT','LARSEN & TOUBRO LTD.',961.15,948,956.15,940,942.5,2969760000,3130771,1551,661),('M&M','MAHINDRA & MAHINDRA LTD',644.65,629,649.8,626.3,632,3768620000,5889149,656,245.4),('MARUTI','MARUTI SUZUKI INDIA LTD.',7072.6,6985,7324,6965.05,7190.1,15782800000,2185296,7758.7,4001.1),('NESTLEIND','NESTLE INDIA LIMITED',16393.8,16155,16423.9,16150,16232.6,1609760000,98932,18369.9,12200),('NTPC','NTPC LTD',97.7,96.05,97.45,94,94.7,2620130000,27339648,129.65,73.2),('ONGC','OIL AND NATURAL GAS CORP.',79.05,78.55,79.1,77.35,77.9,1006910000,12855872,149.65,50),('POWERGRID','POWER GRID CORP. LTD.',178.5,177.2,178,173.7,175.05,1713790000,9772835,211,122.15),('RELIANCE','RELIANCE INDUSTRIES LTD',2112.1,2083.55,2096.95,2072.2,2077.25,27396900000,13141705,2198.8,875.65),('SBIN','STATE BANK OF INDIA',213.15,210,212.3,205.9,206.6,11356000000,54435819,351,149.45),('SHREECEM','SHREE CEMENT LIMITED',20429,20300,20500,19950,20025.3,1300600000,64482,25355,15410),('SUNPHARMA','SUN PHARMACEUTICAL IND L',523.45,518,530.4,508.25,512.45,6441970000,12380218,564.75,312),('TATAMOTORS','TATA MOTORS LIMITED',151.85,147.9,153.65,147,147.8,14373900000,95565047,201.7,63.5),('TATASTEEL','TATA STEEL LIMITED',438.1,428.1,433.95,419,421.3,4507860000,10530674,506,250.85),('TCS','TATA CONSULTANCY SERV LT',2299.5,2275,2324.25,2262.95,2288.8,12009700000,5232180,2358,1506.05),('TECHM','TECH MAHINDRA LIMITED',759.55,747,758.4,743.55,748.2,2218450000,2954870,845.9,471.4),('TITAN','TITAN COMPANY LIMITED',1185.3,1161.6,1198.05,1155,1159.25,4105780000,3490982,1389.95,720.9),('ULTRACEMCO','ULTRATECH CEMENT LIMITED',3949,3913.25,3931.95,3880,3916.1,1710870000,438236,4754.1,2910),('UPL','UPL LIMITED',521.85,514.75,517.85,504.55,508.45,1925860000,3768854,617.75,240.15),('WIPRO','WIPRO LTD',282.85,278.7,279.5,275.1,276,2967010000,10707714,290.8,159.4),('ZEEL','ZEE ENTERTAINMENT ENT LTD',220.25,215.4,223.8,210.6,220.4,10750700000,48964213,369.95,114);
/*!40000 ALTER TABLE `n040920` ENABLE KEYS */;
UNLOCK TABLES;

--
-- Table structure for table `n070920`
--

DROP TABLE IF EXISTS `n070920`;
/*!40101 SET @saved_cs_client     = @@character_set_client */;
/*!50503 SET character_set_client = utf8mb4 */;
CREATE TABLE `n070920` (
  `SYMBOL` varchar(255) DEFAULT NULL,
  `SECURITY` varchar(255) DEFAULT NULL,
  `PREV_CL_PR` float DEFAULT NULL,
  `OPEN_PRICE` float DEFAULT NULL,
  `HIGH_PRICE` float DEFAULT NULL,
  `LOW_PRICE` float DEFAULT NULL,
  `CLOSE_PRICE` float DEFAULT NULL,
  `NET_TRDVAL` float DEFAULT NULL,
  `NET_TRDQTY` double DEFAULT NULL,
  `HI_52_WK` float DEFAULT NULL,
  `LO_52_WK` float DEFAULT NULL
) ENGINE=InnoDB DEFAULT CHARSET=utf8mb4 COLLATE=utf8mb4_0900_ai_ci;
/*!40101 SET character_set_client = @saved_cs_client */;

--
-- Dumping data for table `n070920`
--

LOCK TABLES `n070920` WRITE;
/*!40000 ALTER TABLE `n070920` DISABLE KEYS */;
INSERT INTO `n070920` VALUES ('ASIANPAINT','ASIAN PAINTS LIMITED',1956.35,1965,2003.65,1948.1,1982.1,5655610000,2855493,2016.85,1431.2),('AXISBANK','AXIS BANK LIMITED',455.2,457,467.15,450.65,458.7,11927900000,25967554,765.85,286),('BAJAJ-AUTO','BAJAJ AUTO LIMITED',2883.2,2898.35,2906.85,2830.05,2898.2,2322080000,807657,3315.15,1788.65),('BAJAJFINSV','BAJAJ FINSERV LTD.',6277.2,6324,6349.25,6212,6263.65,3131330000,498573,9950,3985.3),('BAJFINANCE','BAJAJ FINANCE LIMITED',3596.8,3607,3629,3477.6,3505.15,16501900000,4665183,4923.4,1783),('BHARTIARTL','BHARTI AIRTEL LIMITED',523.15,525,528,510.3,515.45,8347890000,16147428,612,325.5),('BPCL','BHARAT PETROLEUM CORP  LT',403.35,411,411,396.2,400.2,3335490000,8308845,549,252),('BRITANNIA','BRITANNIA INDUSTRIES LTD',3705.85,3732.9,3750,3655,3724.05,1622720000,437318,4010,2100),('CIPLA','CIPLA LTD',724.6,728,733.8,707,716.75,3353790000,4688730,814.5,355.3),('COALINDIA','COAL INDIA LTD',132.45,133,133.8,130.75,131.95,1158630000,8781895,217.55,119.2),('DRREDDY','DR. REDDY\'S LABORATORIES',4322.5,4344.15,4436,4295.25,4419.85,5387020000,1230797,4758.6,2495.05),('EICHERMOT','EICHER MOTORS LTD',2180.85,2205,2215,2156,2192.9,2953550000,1354394,23450,2072.75),('GAIL','GAIL (INDIA) LTD',98.05,98,98.85,94.85,95.75,1072190000,11148827,148.75,65),('GRASIM','GRASIM INDUSTRIES LTD',706.5,720,720.8,693,700.15,2939590000,4178265,836.9,385.05),('HCLTECH','HCL TECHNOLOGIES LTD',700.8,696.35,712.4,689.05,708.8,2975800000,4238823,1170,375.25),('HDFC','HDFC LTD',1769.7,1773,1801.45,1760,1791.1,7271020000,4073465,2499.9,1473.45),('HDFCBANK','HDFC BANK LTD',1119.3,1116.3,1119.5,1099,1110.5,9774640000,8807764,2288.8,738.75),('HDFCLIFE','HDFC LIFE INS CO LTD',574.65,576.6,594.5,571.15,591.85,1974640000,3374335,647.6,340),('HEROMOTOCO','HERO MOTOCORP LIMITED',2915.2,2930,2934.9,2852,2860.15,4251100000,1476040,3181.35,1475),('HINDALCO','HINDALCO  INDUSTRIES  LTD',188.3,188.3,191.5,186.6,187.5,1289070000,6839485,221.2,84.9),('HINDUNILVR','HINDUSTAN UNILEVER LTD.',2124.65,2126,2174,2103.75,2162.6,5091730000,2363028,2614.3,1757.3),('ICICIBANK','ICICI BANK LTD.',372.55,374.1,376.85,369,373.4,8350020000,22324954,552.2,268.3),('INDUSINDBK','INDUSIND BANK LIMITED',616.15,621.5,624.95,597.55,608.7,8508070000,13890403,1596.55,235.55),('INFRATEL','BHARTI INFRATEL LTD.',214.85,217,235.45,216.75,231,12351300000,54729401,296.5,120.05),('INFY','INFOSYS LIMITED',919.15,918.9,927.55,913.05,925.05,6172950000,6700450,986.45,509.25),('IOC','INDIAN OIL CORP LTD',83.9,84.5,84.95,81.8,83.8,1242910000,14902298,156,71.15),('ITC','ITC LTD',186.7,187.25,190.5,180.8,189.1,6087880000,32663990,266.3,134.6),('JSWSTEEL','JSW STEEL LIMITED',282.35,281,287.75,278.85,286.5,2448740000,8634438,296.75,132.5),('KOTAKBANK','KOTAK MAHINDRA BANK LTD',1380.05,1379,1379,1356.4,1368.75,3177650000,2321552,1740,1001),('LT','LARSEN & TOUBRO LTD.',942.5,947.15,950.75,916.25,932.15,3234190000,3470842,1551,661),('M&M','MAHINDRA & MAHINDRA LTD',632,632.3,633.85,605.3,610.45,5753550000,9388041,656,245.4),('MARUTI','MARUTI SUZUKI INDIA LTD.',7190.1,7225,7300,7129.25,7209.15,9727940000,1348919,7758.7,4001.1),('NESTLEIND','NESTLE INDIA LIMITED',16232.6,16241,16515,15972.1,16403.5,1715110000,104808,18369.9,12200),('NTPC','NTPC LTD',94.7,94.8,96,92.05,92.4,2650440000,28474983,127.95,73.2),('ONGC','OIL AND NATURAL GAS CORP.',77.9,78.2,78.35,75.95,76.45,1271890000,16574103,149.65,50),('POWERGRID','POWER GRID CORP. LTD.',175.05,175.05,176.95,173.05,176.15,1285470000,7351345,211,122.15),('RELIANCE','RELIANCE INDUSTRIES LTD',2077.25,2084,2105.75,2044.25,2082.65,20964700000,10119099,2198.8,875.65),('SBIN','STATE BANK OF INDIA',206.6,207.5,209.65,205.4,207.9,7409440000,35687677,351,149.45),('SHREECEM','SHREE CEMENT LIMITED',20025.3,20100,20119.2,19636.1,19782.9,1182180000,59729,25355,15410),('SUNPHARMA','SUN PHARMACEUTICAL IND L',512.45,516,518.2,504.25,513.25,3230920000,6320017,564.75,312),('TATAMOTORS','TATA MOTORS LIMITED',147.8,150,152,148,149.4,12370900000,82619417,201.7,63.5),('TATASTEEL','TATA STEEL LIMITED',421.3,423.7,428.4,418.45,422.5,4073300000,9628406,506,250.85),('TCS','TATA CONSULTANCY SERV LT',2288.8,2289,2343.5,2283.35,2327.05,10717700000,4620416,2358,1506.05),('TECHM','TECH MAHINDRA LIMITED',748.2,749.7,751.9,734.05,747.1,2503510000,3367905,845.9,471.4),('TITAN','TITAN COMPANY LIMITED',1159.25,1164,1176.45,1149.3,1167.7,2524270000,2166347,1389.95,720.9),('ULTRACEMCO','ULTRATECH CEMENT LIMITED',3916.1,3925,3990,3821,3848.65,2717860000,704103,4754.1,2910),('UPL','UPL LIMITED',508.45,509.5,510.45,490.8,494.45,2601540000,5255103,617.75,240.15),('WIPRO','WIPRO LTD',276,276.5,279.5,271.5,278.75,2296700000,8326285,290.8,159.4),('ZEEL','ZEE ENTERTAINMENT ENT LTD',220.4,220.4,225.85,215.85,223.95,9513190000,42979685,367.4,114);
/*!40000 ALTER TABLE `n070920` ENABLE KEYS */;
UNLOCK TABLES;

--
-- Table structure for table `n080920`
--

DROP TABLE IF EXISTS `n080920`;
/*!40101 SET @saved_cs_client     = @@character_set_client */;
/*!50503 SET character_set_client = utf8mb4 */;
CREATE TABLE `n080920` (
  `SYMBOL` varchar(255) DEFAULT NULL,
  `SECURITY` varchar(255) DEFAULT NULL,
  `PREV_CL_PR` float DEFAULT NULL,
  `OPEN_PRICE` float DEFAULT NULL,
  `HIGH_PRICE` float DEFAULT NULL,
  `LOW_PRICE` float DEFAULT NULL,
  `CLOSE_PRICE` float DEFAULT NULL,
  `NET_TRDVAL` float DEFAULT NULL,
  `NET_TRDQTY` double DEFAULT NULL,
  `HI_52_WK` float DEFAULT NULL,
  `LO_52_WK` float DEFAULT NULL
) ENGINE=InnoDB DEFAULT CHARSET=utf8mb4 COLLATE=utf8mb4_0900_ai_ci;
/*!40101 SET character_set_client = @saved_cs_client */;

--
-- Dumping data for table `n080920`
--

LOCK TABLES `n080920` WRITE;
/*!40000 ALTER TABLE `n080920` DISABLE KEYS */;
INSERT INTO `n080920` VALUES ('ASIANPAINT','ASIAN PAINTS LIMITED',1982.1,1987.5,2001.95,1952,1960.35,4761060000,2401054,2016.85,1431.2),('AXISBANK','AXIS BANK LIMITED',458.7,459.8,462.4,441.25,444.35,9550390000,21052764,765.85,286),('BAJAJ-AUTO','BAJAJ AUTO LIMITED',2898.2,2899.95,2918,2866.25,2901.75,2309330000,798195,3315.15,1788.65),('BAJAJFINSV','BAJAJ FINSERV LTD.',6263.65,6299,6330,6212.05,6234.25,2460560000,391769,9950,3985.3),('BAJFINANCE','BAJAJ FINANCE LIMITED',3505.15,3520,3574.9,3475,3500,15697000000,4448718,4923.4,1783),('BHARTIARTL','BHARTI AIRTEL LIMITED',515.45,516,516.85,494,498.1,16765800000,33123745,612,325.5),('BPCL','BHARAT PETROLEUM CORP  LT',400.2,400.5,419.95,399.5,412.1,7696050000,18641462,549,252),('BRITANNIA','BRITANNIA INDUSTRIES LTD',3724.05,3726.9,3762.45,3711.25,3731.6,1419150000,379275,4010,2100),('CIPLA','CIPLA LTD',716.75,716.75,726.45,704.4,708.2,3446540000,4818231,814.5,355.3),('COALINDIA','COAL INDIA LTD',131.95,132.1,132.65,129.35,129.95,955888000,7292473,217.55,119.2),('DRREDDY','DR. REDDY\'S LABORATORIES',4419.85,4465,4481.5,4328.8,4348.8,6484240000,1471551,4758.6,2495.05),('EICHERMOT','EICHER MOTORS LTD',2192.9,2203.9,2217,2150,2161.5,2574420000,1180325,23450,2072.75),('GAIL','GAIL (INDIA) LTD',95.75,96.5,96.5,94,94.55,991539000,10400606,148.75,65),('GRASIM','GRASIM INDUSTRIES LTD',700.15,702.9,702.9,674.2,677.1,1939490000,2825627,836.9,385.05),('HCLTECH','HCL TECHNOLOGIES LTD',708.8,708.8,738.9,703.2,725.9,8385340000,11522742,1170,375.25),('HDFC','HDFC LTD',1791.1,1785.1,1793.25,1770.8,1777.3,4379380000,2456321,2499.9,1473.45),('HDFCBANK','HDFC BANK LTD',1110.5,1114,1118.8,1103,1112.45,8131450000,7312460,2288.8,738.75),('HDFCLIFE','HDFC LIFE INS CO LTD',591.85,593.5,595.15,579.5,581.85,1113720000,1896569,647.6,340),('HEROMOTOCO','HERO MOTOCORP LIMITED',2860.15,2871,2903.2,2852,2863.2,3634420000,1263519,3181.35,1475),('HINDALCO','HINDALCO  INDUSTRIES  LTD',187.5,188.2,188.2,179.55,180.25,1698990000,9202591,221.2,84.9),('HINDUNILVR','HINDUSTAN UNILEVER LTD.',2162.6,2154,2171.35,2131.15,2142.25,3892570000,1804240,2614.3,1757.3),('ICICIBANK','ICICI BANK LTD.',373.4,372.4,381.3,369.15,375.7,12087000000,32052949,552.2,268.3),('INDUSINDBK','INDUSIND BANK LIMITED',608.7,609,612.9,599,600.4,8046340000,13303912,1596.55,235.55),('INFRATEL','BHARTI INFRATEL LTD.',231,228.45,228.45,211.2,213,6386180000,29212396,296.5,120.05),('INFY','INFOSYS LIMITED',925.05,929.95,952,925.55,939.3,12154200000,12892115,986.45,509.25),('IOC','INDIAN OIL CORP LTD',83.8,83.95,84.4,82.55,82.75,1350680000,16168962,156,71.15),('ITC','ITC LTD',189.1,189.6,190.55,184.6,188.15,4817540000,25591395,266.3,134.6),('JSWSTEEL','JSW STEEL LIMITED',286.5,286,288.4,278.4,281.15,2168940000,7609074,296.75,132.5),('KOTAKBANK','KOTAK MAHINDRA BANK LTD',1368.75,1371.9,1372.15,1347.7,1350.7,3827960000,2823919,1740,1001),('LT','LARSEN & TOUBRO LTD.',932.15,936,936,912.95,916.7,3457980000,3739099,1551,661),('M&M','MAHINDRA & MAHINDRA LTD',610.45,611,624.5,605.3,608.6,4197090000,6826136,656,245.4),('MARUTI','MARUTI SUZUKI INDIA LTD.',7209.15,7220,7278,7137.65,7224,8272030000,1145075,7758.7,4001.1),('NESTLEIND','NESTLE INDIA LIMITED',16403.5,16369.6,16369.6,16100,16126.5,1708620000,105449,18369.9,12200),('NTPC','NTPC LTD',92.4,93.25,93.25,90.3,90.65,2850290000,31186030,127.95,73.2),('ONGC','OIL AND NATURAL GAS CORP.',76.45,76.55,76.65,74,74.45,1348910000,17905760,149.65,50),('POWERGRID','POWER GRID CORP. LTD.',176.15,175.85,176,173.75,174.9,944926000,5398809,211,122.15),('RELIANCE','RELIANCE INDUSTRIES LTD',2082.65,2092,2121,2080.5,2107.1,26653200000,12643762,2198.8,875.65),('SBIN','STATE BANK OF INDIA',207.9,207.9,208.5,202.9,204.05,7052940000,34147081,351,149.45),('SHREECEM','SHREE CEMENT LIMITED',19782.9,19782.9,20199,19272.1,19355.8,1286760000,65858,25355,15410),('SUNPHARMA','SUN PHARMACEUTICAL IND L',513.25,512,517.65,498.65,501.9,4333100000,8519591,564.75,312),('TATAMOTORS','TATA MOTORS LIMITED',149.4,149.45,149.6,141.2,142.3,11112000000,76297951,201.7,63.5),('TATASTEEL','TATA STEEL LIMITED',422.5,425.75,425.75,402.6,405.1,4821520000,11637370,506,250.85),('TCS','TATA CONSULTANCY SERV LT',2327.05,2335.95,2390.45,2327.05,2348.2,17635400000,7454161,2390.45,1506.05),('TECHM','TECH MAHINDRA LIMITED',747.1,748.5,769,745,752.25,3972650000,5237384,845.9,471.4),('TITAN','TITAN COMPANY LIMITED',1167.7,1167.7,1174.1,1154.6,1162.55,2324830000,1994073,1389.95,720.9),('ULTRACEMCO','ULTRATECH CEMENT LIMITED',3848.65,3854.8,3862.5,3812.65,3823.75,1754930000,456891,4754.1,2910),('UPL','UPL LIMITED',494.45,497.65,503.4,485,487,2406720000,4844567,617.75,240.15),('WIPRO','WIPRO LTD',278.75,282.2,286.95,278.5,282.55,6331830000,22294866,290.8,159.4),('ZEEL','ZEE ENTERTAINMENT ENT LTD',223.95,223.65,225.45,212.1,213.75,7383630000,33661021,367.4,114);
/*!40000 ALTER TABLE `n080920` ENABLE KEYS */;
UNLOCK TABLES;

--
-- Table structure for table `n090920`
--

DROP TABLE IF EXISTS `n090920`;
/*!40101 SET @saved_cs_client     = @@character_set_client */;
/*!50503 SET character_set_client = utf8mb4 */;
CREATE TABLE `n090920` (
  `SYMBOL` varchar(255) DEFAULT NULL,
  `SECURITY` varchar(255) DEFAULT NULL,
  `PREV_CL_PR` float DEFAULT NULL,
  `OPEN_PRICE` float DEFAULT NULL,
  `HIGH_PRICE` float DEFAULT NULL,
  `LOW_PRICE` float DEFAULT NULL,
  `CLOSE_PRICE` float DEFAULT NULL,
  `NET_TRDVAL` float DEFAULT NULL,
  `NET_TRDQTY` double DEFAULT NULL,
  `HI_52_WK` float DEFAULT NULL,
  `LO_52_WK` float DEFAULT NULL
) ENGINE=InnoDB DEFAULT CHARSET=utf8mb4 COLLATE=utf8mb4_0900_ai_ci;
/*!40101 SET character_set_client = @saved_cs_client */;

--
-- Dumping data for table `n090920`
--

LOCK TABLES `n090920` WRITE;
/*!40000 ALTER TABLE `n090920` DISABLE KEYS */;
INSERT INTO `n090920` VALUES ('ASIANPAINT','ASIAN PAINTS LIMITED',1960.35,1960.35,1993.9,1958,1979.05,5490720000,2776804,2016.85,1431.2),('AXISBANK','AXIS BANK LIMITED',444.35,439.9,443.35,425,431.25,13663000000,31660156,765.85,286),('BAJAJ-AUTO','BAJAJ AUTO LIMITED',2901.75,2875,2921.7,2852,2910.15,1952420000,677328,3315.15,1788.65),('BAJAJFINSV','BAJAJ FINSERV LTD.',6234.25,6208.8,6220,5981.6,6026.8,5622320000,929750,9950,3985.3),('BAJFINANCE','BAJAJ FINANCE LIMITED',3500,3477,3493.45,3392.45,3422.85,15640900000,4563247,4923.4,1783),('BHARTIARTL','BHARTI AIRTEL LIMITED',498.1,493.25,506.65,491.1,504.25,15748200000,31478272,612,325.5),('BPCL','BHARAT PETROLEUM CORP  LT',412.1,406,409.5,399,405.95,2720300000,6735586,549,252),('BRITANNIA','BRITANNIA INDUSTRIES LTD',3731.6,3690,3749,3686.1,3738.3,1238110000,332884,4010,2100),('CIPLA','CIPLA LTD',708.2,709.15,734.95,705.2,727.55,6543720000,9082720,814.5,355.3),('COALINDIA','COAL INDIA LTD',129.95,128.95,129,124.75,126.95,1656870000,13115865,217.55,119.2),('DRREDDY','DR. REDDY\'S LABORATORIES',4348.8,4349.9,4444,4335.6,4429.45,5425840000,1235112,4758.6,2495.05),('EICHERMOT','EICHER MOTORS LTD',2161.5,2139.9,2190.8,2125.65,2176.95,2934800000,1357709,23450,2072.75),('GAIL','GAIL (INDIA) LTD',94.55,94.6,94.8,90.05,91.05,1696550000,18553894,148.75,65),('GRASIM','GRASIM INDUSTRIES LTD',677.1,676,696.5,664.05,687.1,1921890000,2835848,836.9,385.05),('HCLTECH','HCL TECHNOLOGIES LTD',725.9,712.1,730.9,710.2,721.95,3977430000,5514179,1170,375.25),('HDFC','HDFC LTD',1777.3,1759.55,1777.9,1755,1760.75,4421690000,2509630,2499.9,1473.45),('HDFCBANK','HDFC BANK LTD',1112.45,1101,1110,1091.25,1096.5,8645550000,7864545,2288.8,738.75),('HDFCLIFE','HDFC LIFE INS CO LTD',581.85,588.9,593,582.65,585.7,1993310000,3392130,647.6,340),('HEROMOTOCO','HERO MOTOCORP LIMITED',2863.2,2847,2920,2830.2,2904,5773340000,1995625,3181.35,1475),('HINDALCO','HINDALCO  INDUSTRIES  LTD',180.25,177.35,183.8,171.75,182.8,4011350000,22609547,221.2,84.9),('HINDUNILVR','HINDUSTAN UNILEVER LTD.',2142.25,2122,2144.2,2110,2132.25,4285060000,2009945,2614.3,1757.3),('ICICIBANK','ICICI BANK LTD.',375.7,370.8,372.4,361.9,367.6,9267230000,25285243,552.2,268.3),('INDUSINDBK','INDUSIND BANK LIMITED',600.4,590,609.7,588.65,604.6,10284900000,17123149,1596.55,235.55),('INFRATEL','BHARTI INFRATEL LTD.',213,211.45,213.4,205.75,210.45,3775720000,18035749,296.5,120.05),('INFY','INFOSYS LIMITED',939.3,935,946,926,927.75,5163030000,5529150,986.45,509.25),('IOC','INDIAN OIL CORP LTD',82.75,82.7,82.85,79.3,80.55,1963600000,24388612,156,71.15),('ITC','ITC LTD',188.15,185.5,186.25,182.3,183.8,5112810000,27830197,266.3,134.6),('JSWSTEEL','JSW STEEL LIMITED',281.15,273.2,288.5,272.45,286.85,3957780000,14099249,296.75,132.5),('KOTAKBANK','KOTAK MAHINDRA BANK LTD',1350.7,1343,1350.25,1313.1,1326.15,4571740000,3443401,1740,1001),('LT','LARSEN & TOUBRO LTD.',916.7,907.55,928,901,909.5,5163450000,5656608,1551,661),('M&M','MAHINDRA & MAHINDRA LTD',608.6,606.8,617,597.4,613.9,4012170000,6590533,656,245.4),('MARUTI','MARUTI SUZUKI INDIA LTD.',7224,7200,7256.35,7121.2,7215.25,9148350000,1273303,7758.7,4001.1),('NESTLEIND','NESTLE INDIA LIMITED',16126.5,16000,16350,16000,16312.5,2206410000,135800,18369.9,12200),('NTPC','NTPC LTD',90.65,90.1,91.25,88.5,90.4,2537050000,28307198,127.95,73.2),('ONGC','OIL AND NATURAL GAS CORP.',74.45,73.95,73.95,70.9,72.7,2024310000,28166431,149.65,50),('POWERGRID','POWER GRID CORP. LTD.',174.9,175,177.95,173.4,175.25,1980180000,11318900,211,122.15),('RELIANCE','RELIANCE INDUSTRIES LTD',2107.1,2085,2167.8,2081.45,2161.35,54545000000,25526055,2198.8,875.65),('SBIN','STATE BANK OF INDIA',204.05,201.1,201.4,192.5,194.85,14229000000,72716962,351,149.45),('SHREECEM','SHREE CEMENT LIMITED',19355.8,19300,19566,19068.1,19401.5,1613260000,83567,25355,15410),('SUNPHARMA','SUN PHARMACEUTICAL IND L',501.9,497,512.8,493.6,509.3,5320480000,10532178,564.75,312),('TATAMOTORS','TATA MOTORS LIMITED',142.3,141,141.75,135.7,140.1,14602600000,105358206,201.7,63.5),('TATASTEEL','TATA STEEL LIMITED',405.1,398.8,420.15,386.5,417.4,12974200000,31999875,506,250.85),('TCS','TATA CONSULTANCY SERV LT',2348.2,2325,2359,2320,2327.65,9034530000,3866542,2390.45,1506.05),('TECHM','TECH MAHINDRA LIMITED',752.25,751.95,759.95,744.7,753.35,2285470000,3038406,845.9,471.4),('TITAN','TITAN COMPANY LIMITED',1162.55,1156.9,1171.8,1148.3,1161.1,2224640000,1918428,1389.95,720.9),('ULTRACEMCO','ULTRATECH CEMENT LIMITED',3823.75,3811,3861,3779,3835.6,1272300000,332427,4754.1,2910),('UPL','UPL LIMITED',487,482,498.4,467.05,494.55,2927200000,6078537,617.75,240.15),('WIPRO','WIPRO LTD',282.55,279.8,289.45,278.5,282.85,6480290000,22794437,290.8,159.4),('ZEEL','ZEE ENTERTAINMENT ENT LTD',213.75,212,223.5,207.45,221.55,11400600000,52807559,367.4,114);
/*!40000 ALTER TABLE `n090920` ENABLE KEYS */;
UNLOCK TABLES;

--
-- Table structure for table `n100920`
--

DROP TABLE IF EXISTS `n100920`;
/*!40101 SET @saved_cs_client     = @@character_set_client */;
/*!50503 SET character_set_client = utf8mb4 */;
CREATE TABLE `n100920` (
  `SYMBOL` varchar(255) DEFAULT NULL,
  `SECURITY` varchar(255) DEFAULT NULL,
  `PREV_CL_PR` float DEFAULT NULL,
  `OPEN_PRICE` float DEFAULT NULL,
  `HIGH_PRICE` float DEFAULT NULL,
  `LOW_PRICE` float DEFAULT NULL,
  `CLOSE_PRICE` float DEFAULT NULL,
  `NET_TRDVAL` float DEFAULT NULL,
  `NET_TRDQTY` double DEFAULT NULL,
  `HI_52_WK` float DEFAULT NULL,
  `LO_52_WK` float DEFAULT NULL
) ENGINE=InnoDB DEFAULT CHARSET=utf8mb4 COLLATE=utf8mb4_0900_ai_ci;
/*!40101 SET character_set_client = @saved_cs_client */;

--
-- Dumping data for table `n100920`
--

LOCK TABLES `n100920` WRITE;
/*!40000 ALTER TABLE `n100920` DISABLE KEYS */;
INSERT INTO `n100920` VALUES ('ASIANPAINT','ASIAN PAINTS LIMITED',1979.05,1985.05,2069.7,1981,2056.55,10297000000,5081254,2069.7,1431.2),('AXISBANK','AXIS BANK LIMITED',431.25,436.45,448.7,430.75,446.85,15171900000,34435022,765.85,286),('BAJAJ-AUTO','BAJAJ AUTO LIMITED',2910.15,2917.1,2924.35,2871.5,2914.7,1987710000,686071,3315.15,1788.65),('BAJAJFINSV','BAJAJ FINSERV LTD.',6026.8,6079,6192,6042.85,6129.25,3256930000,531609,9950,3985.3),('BAJFINANCE','BAJAJ FINANCE LIMITED',3422.85,3456.5,3523.45,3418,3498.7,16557000000,4762302,4923.4,1783),('BHARTIARTL','BHARTI AIRTEL LIMITED',504.25,508,508,491.2,497.35,10520600000,21005767,612,325.5),('BPCL','BHARAT PETROLEUM CORP  LT',405.95,408.5,433.5,405.5,430.3,10765400000,25417582,549,252),('BRITANNIA','BRITANNIA INDUSTRIES LTD',3738.3,3765.5,3765.5,3700.05,3719.25,1330330000,357927,4010,2100),('CIPLA','CIPLA LTD',727.55,729,735.9,719.25,726.8,3321350000,4571167,814.5,355.3),('COALINDIA','COAL INDIA LTD',126.95,128,128.3,125.5,126.65,1521170000,12007586,217.55,119.2),('DRREDDY','DR. REDDY\'S LABORATORIES',4429.45,4460,4462,4340.55,4380.15,3820420000,871169,4758.6,2495.05),('EICHERMOT','EICHER MOTORS LTD',2176.95,2196.95,2198,2152.6,2175.6,2060460000,948270,23450,2072.75),('GAIL','GAIL (INDIA) LTD',91.05,91.85,92.4,89.8,90.8,1604070000,17660495,148.75,65),('GRASIM','GRASIM INDUSTRIES LTD',687.1,696.55,717.75,681.3,713.3,3449850000,4924113,836.9,385.05),('HCLTECH','HCL TECHNOLOGIES LTD',721.95,728.65,728.95,713.8,722.4,2426370000,3366359,1170,375.25),('HDFC','HDFC LTD',1760.75,1781,1792.95,1760,1777.45,5760200000,3245630,2499.9,1473.45),('HDFCBANK','HDFC BANK LTD',1096.5,1103,1104.85,1084,1090.55,8316490000,7594209,2288.8,738.75),('HDFCLIFE','HDFC LIFE INS CO LTD',585.7,589.6,603,587.4,601.6,2263340000,3792391,647.6,340),('HEROMOTOCO','HERO MOTOCORP LIMITED',2904,2920,2957.4,2888.25,2948.75,4770220000,1629594,3181.35,1475),('HINDALCO','HINDALCO  INDUSTRIES  LTD',182.8,185,185.3,173.35,176.65,3408270000,19155966,221.2,84.9),('HINDUNILVR','HINDUSTAN UNILEVER LTD.',2132.25,2142,2143.6,2118.2,2133.9,4549690000,2137794,2614.3,1757.3),('ICICIBANK','ICICI BANK LTD.',367.6,371.7,375,365.45,370.7,9217930000,24852406,552.2,268.3),('INDUSINDBK','INDUSIND BANK LIMITED',604.6,614,627.8,610,620.45,9874960000,15925336,1596.55,235.55),('INFRATEL','BHARTI INFRATEL LTD.',210.45,213.85,214,197.9,199.95,3716970000,18249232,296.5,120.05),('INFY','INFOSYS LIMITED',927.75,935.3,942,924.8,940.05,4831120000,5172091,986.45,509.25),('IOC','INDIAN OIL CORP LTD',80.55,80.7,83.95,80.7,83.55,2428700000,29432278,156,71.15),('ITC','ITC LTD',183.8,184.1,185.7,183.2,184.9,3281490000,17785076,266.3,134.6),('JSWSTEEL','JSW STEEL LIMITED',286.85,289.35,290.25,278.45,285.35,2656370000,9369826,296.75,132.5),('KOTAKBANK','KOTAK MAHINDRA BANK LTD',1326.15,1330,1343.05,1315.1,1319.5,4371390000,3289998,1740,1001),('LT','LARSEN & TOUBRO LTD.',909.5,917.7,923,912,920.95,2706020000,2948624,1551,661),('M&M','MAHINDRA & MAHINDRA LTD',613.9,619.5,623.9,612.9,615.45,2904220000,4699862,656,245.4),('MARUTI','MARUTI SUZUKI INDIA LTD.',7215.25,7264,7299.4,7168,7231.65,7078890000,978701,7758.7,4001.1),('NESTLEIND','NESTLE INDIA LIMITED',16312.5,16261.2,16450,16201.2,16420.7,1261870000,77208,18369.9,12200),('NTPC','NTPC LTD',90.4,91,91.5,89.25,90.55,2464110000,27263683,127.95,73.2),('ONGC','OIL AND NATURAL GAS CORP.',72.7,73.5,74.4,72.65,73.65,1371670000,18646453,149.65,50),('POWERGRID','POWER GRID CORP. LTD.',175.25,176,178.45,174.15,177.6,1940110000,11044892,211,122.15),('RELIANCE','RELIANCE INDUSTRIES LTD',2161.35,2183.1,2344.95,2175.35,2314,147343000000,64751766,2344.95,875.65),('SBIN','STATE BANK OF INDIA',194.85,197.7,201.45,195.2,198.15,13455300000,67790247,351,149.45),('SHREECEM','SHREE CEMENT LIMITED',19401.5,19500,19750,19319,19643.3,872445000,44713,25355,15410),('SUNPHARMA','SUN PHARMACEUTICAL IND L',509.3,512.7,516.7,503.65,507.95,4373580000,8572923,564.75,312),('TATAMOTORS','TATA MOTORS LIMITED',140.1,142.8,144.5,138,143.3,11320500000,79606710,201.7,63.5),('TATASTEEL','TATA STEEL LIMITED',417.4,424,425.9,401.1,408,9439280000,22920783,506,250.85),('TCS','TATA CONSULTANCY SERV LT',2327.65,2335,2348.5,2324.3,2331.15,5390730000,2308813,2390.45,1506.05),('TECHM','TECH MAHINDRA LIMITED',753.35,756.65,758.4,739.3,750,2794820000,3737568,845.9,471.4),('TITAN','TITAN COMPANY LIMITED',1161.1,1165,1165.85,1138.75,1155.25,2119150000,1841230,1389.95,720.9),('ULTRACEMCO','ULTRATECH CEMENT LIMITED',3835.6,3837,3939,3825,3915.5,1677430000,433018,4754.1,2910),('UPL','UPL LIMITED',494.55,497.9,497.9,485,491,1959390000,4004655,617.75,240.15),('WIPRO','WIPRO LTD',282.85,286.65,286.85,281.1,284.55,2701670000,9517932,290.8,159.4),('ZEEL','ZEE ENTERTAINMENT ENT LTD',221.55,220.5,228.9,219.5,223.15,10341100000,46078546,367.4,114);
/*!40000 ALTER TABLE `n100920` ENABLE KEYS */;
UNLOCK TABLES;

--
-- Table structure for table `n110920`
--

DROP TABLE IF EXISTS `n110920`;
/*!40101 SET @saved_cs_client     = @@character_set_client */;
/*!50503 SET character_set_client = utf8mb4 */;
CREATE TABLE `n110920` (
  `SYMBOL` varchar(255) DEFAULT NULL,
  `SECURITY` varchar(255) DEFAULT NULL,
  `PREV_CL_PR` float DEFAULT NULL,
  `OPEN_PRICE` float DEFAULT NULL,
  `HIGH_PRICE` float DEFAULT NULL,
  `LOW_PRICE` float DEFAULT NULL,
  `CLOSE_PRICE` float DEFAULT NULL,
  `NET_TRDVAL` float DEFAULT NULL,
  `NET_TRDQTY` double DEFAULT NULL,
  `HI_52_WK` float DEFAULT NULL,
  `LO_52_WK` float DEFAULT NULL
) ENGINE=InnoDB DEFAULT CHARSET=utf8mb4 COLLATE=utf8mb4_0900_ai_ci;
/*!40101 SET character_set_client = @saved_cs_client */;

--
-- Dumping data for table `n110920`
--

LOCK TABLES `n110920` WRITE;
/*!40000 ALTER TABLE `n110920` DISABLE KEYS */;
INSERT INTO `n110920` VALUES ('ASIANPAINT','ASIAN PAINTS LIMITED',2056.55,2063,2069.95,2022,2035.95,5297140000,2599525,2069.95,1431.2),('AXISBANK','AXIS BANK LIMITED',446.85,446,449.85,439.25,447.2,8281970000,18620876,765.85,286),('BAJAJ-AUTO','BAJAJ AUTO LIMITED',2914.7,2914,2941.95,2903.9,2916.35,1998680000,683992,3315.15,1788.65),('BAJAJFINSV','BAJAJ FINSERV LTD.',6129.25,6128.55,6174.6,6080,6128.4,2848410000,465485,9950,3985.3),('BAJFINANCE','BAJAJ FINANCE LIMITED',3498.7,3490,3557.7,3456.7,3544.4,16216600000,4608384,4923.4,1783),('BHARTIARTL','BHARTI AIRTEL LIMITED',497.35,499.3,502.45,488.55,491.65,7705390000,15597700,612,325.5),('BPCL','BHARAT PETROLEUM CORP  LT',430.3,431,436,422.35,428.75,5395280000,12584431,549,252),('BRITANNIA','BRITANNIA INDUSTRIES LTD',3719.25,3724,3828,3720,3772.25,3140950000,829715,4010,2100),('CIPLA','CIPLA LTD',726.8,725.8,731.5,720.25,725.95,1786800000,2465472,814.5,355.3),('COALINDIA','COAL INDIA LTD',126.65,126.9,127,124.65,125.1,1577890000,12588469,217.55,119.2),('DRREDDY','DR. REDDY\'S LABORATORIES',4380.15,4400,4447,4375,4401.6,3909210000,886945,4758.6,2495.05),('EICHERMOT','EICHER MOTORS LTD',2175.6,2165,2178.7,2140.1,2160.3,2468380000,1143870,23450,2072.75),('GAIL','GAIL (INDIA) LTD',90.8,90.8,91.65,90.1,90.75,1077810000,11883991,148.75,65),('GRASIM','GRASIM INDUSTRIES LTD',713.3,715,727,704.65,720.95,5282810000,7330487,836.9,385.05),('HCLTECH','HCL TECHNOLOGIES LTD',722.4,712,734,710.15,721.65,5222960000,7221687,1170,375.25),('HDFC','HDFC LTD',1777.45,1771,1786,1760,1768.15,3947910000,2232185,2499.9,1473.45),('HDFCBANK','HDFC BANK LTD',1090.55,1096.45,1104.85,1071,1078.65,11263600000,10397545,2288.8,738.75),('HDFCLIFE','HDFC LIFE INS CO LTD',601.6,608,612.7,601.6,604.8,2771460000,4565118,647.6,340),('HEROMOTOCO','HERO MOTOCORP LIMITED',2948.75,2949.15,3007.7,2948.75,2992.25,4553440000,1525239,3181.35,1475),('HINDALCO','HINDALCO  INDUSTRIES  LTD',176.65,178.7,180,174.8,178.65,2798100000,15780825,221.2,84.9),('HINDUNILVR','HINDUSTAN UNILEVER LTD.',2133.9,2125,2169,2124.5,2159.25,4165250000,1934716,2614.3,1757.3),('ICICIBANK','ICICI BANK LTD.',370.7,373,373.65,365.1,370.5,8372660000,22678883,552.2,268.3),('INDUSINDBK','INDUSIND BANK LIMITED',620.45,618,622.4,603.25,610.35,6925340000,11347391,1596.55,235.55),('INFRATEL','BHARTI INFRATEL LTD.',199.95,202,208.7,200.8,201.85,5050980000,24662340,296.5,120.05),('INFY','INFOSYS LIMITED',940.05,934.9,954.15,931,945.7,6307870000,6672082,986.45,509.25),('IOC','INDIAN OIL CORP LTD',83.55,83.3,84,82.05,83.1,1480180000,17860255,156,71.15),('ITC','ITC LTD',184.9,184.9,186.5,182.75,183.95,3547210000,19256801,266.3,134.6),('JSWSTEEL','JSW STEEL LIMITED',285.35,283.95,289,282.7,287.8,1856160000,6485991,296.75,132.5),('KOTAKBANK','KOTAK MAHINDRA BANK LTD',1319.5,1317,1336.2,1311,1330.35,4645130000,3500326,1740,1001),('LT','LARSEN & TOUBRO LTD.',920.95,920,921.55,912,917.4,2411260000,2632367,1551,661),('M&M','MAHINDRA & MAHINDRA LTD',615.45,614.9,621.9,612.1,614.25,1751240000,2838777,656,245.4),('MARUTI','MARUTI SUZUKI INDIA LTD.',7231.65,7279.95,7349.9,7175,7193.6,10025000000,1383019,7758.7,4001.1),('NESTLEIND','NESTLE INDIA LIMITED',16420.7,16400,16400,16204,16325.3,1323810000,81228,18369.9,12200),('NTPC','NTPC LTD',90.55,90.2,90.9,89.45,90.1,1638940000,18190992,127.95,73.2),('ONGC','OIL AND NATURAL GAS CORP.',73.65,73.45,73.7,72.6,73.3,841929000,11511957,149.65,50),('POWERGRID','POWER GRID CORP. LTD.',177.6,178.1,178.3,174.1,175.15,3075020000,17540145,211,122.15),('RELIANCE','RELIANCE INDUSTRIES LTD',2314,2312,2337.85,2287.1,2319.75,63635400000,27445883,2344.95,875.65),('SBIN','STATE BANK OF INDIA',198.15,198.55,203.85,197,202.7,9692320000,48488142,351,149.45),('SHREECEM','SHREE CEMENT LIMITED',19643.3,19735.5,19735.5,19365.1,19502.5,1191730000,61264,25355,15410),('SUNPHARMA','SUN PHARMACEUTICAL IND L',507.95,507,512.35,502.6,505.55,2629850000,5190138,564.75,312),('TATAMOTORS','TATA MOTORS LIMITED',143.3,143.1,146.8,141.65,144.3,9399910000,65137801,201.7,63.5),('TATASTEEL','TATA STEEL LIMITED',408,408.75,412.65,402.5,407.5,5571840000,13687127,506,250.85),('TCS','TATA CONSULTANCY SERV LT',2331.15,2330.95,2383,2330.15,2374.1,9814180000,4145429,2390.45,1506.05),('TECHM','TECH MAHINDRA LIMITED',750,749.4,770.6,747.5,765.15,3748720000,4918291,845.9,471.4),('TITAN','TITAN COMPANY LIMITED',1155.25,1156,1194,1155,1167.75,6554700000,5572098,1389.95,720.9),('ULTRACEMCO','ULTRATECH CEMENT LIMITED',3915.5,3915.5,3944.2,3878,3904.1,1361930000,348305,4754.1,2910),('UPL','UPL LIMITED',491,492.6,501,488.1,499,1688860000,3410700,617.75,240.15),('WIPRO','WIPRO LTD',284.55,282.5,298.45,282.5,293.3,12321800000,41937351,298.45,159.4),('ZEEL','ZEE ENTERTAINMENT ENT LTD',223.15,220.95,224.75,216.2,218.1,5987570000,27201074,367.4,114);
/*!40000 ALTER TABLE `n110920` ENABLE KEYS */;
UNLOCK TABLES;
/*!40103 SET TIME_ZONE=@OLD_TIME_ZONE */;

/*!40101 SET SQL_MODE=@OLD_SQL_MODE */;
/*!40014 SET FOREIGN_KEY_CHECKS=@OLD_FOREIGN_KEY_CHECKS */;
/*!40014 SET UNIQUE_CHECKS=@OLD_UNIQUE_CHECKS */;
/*!40101 SET CHARACTER_SET_CLIENT=@OLD_CHARACTER_SET_CLIENT */;
/*!40101 SET CHARACTER_SET_RESULTS=@OLD_CHARACTER_SET_RESULTS */;
/*!40101 SET COLLATION_CONNECTION=@OLD_COLLATION_CONNECTION */;
/*!40111 SET SQL_NOTES=@OLD_SQL_NOTES */;

-- Dump completed on 2020-09-14 13:12:32
